{"cameraMode":{"drawMode":0,"name":"Shaded","section":"Shading Mode"},"sceneLighting":true,"audioPlay":false,"sceneViewState":{"showFog":true,"showMaterialUpdate":false,"showSkybox":true,"showFlares":true,"showImageEffects":true,"showParticleSystems":true},"in2DMode":false,"pivot":{"x":473.2840576171875,"y":258.1873474121094,"z":-56.6165771484375},"rotation":{"x":0.06924917548894882,"y":-0.01347320806235075,"z":0.0009283597464673221,"w":0.9975175857543945},"size":202.2272491455078,"orthographic":false}